"url","Result","Name","Name_link","Review Count","Price","Services","Category List Link","Category List Link_link","Neighborhood","Address","City, ST Zip","Phone"
"https://www.yelp.com/search?find_desc=vegan&start=0&cflt=vegan,vegetarian&l=p:MA:Boston::%5BAllston/Brighton,Arlington_Center,Arlington_Heights,Back_Bay,Beacon_Hill,Brookline_Village,Central_Square,Chinatown,Downtown,East_Arlington,East_Cambridge,Fenway,Jamaica_Plain,Kendall_Square/MIT,Mission_Hill,North_Cambridge,South_End,West_End%5D","Ad","Curry House","https://www.yelp.com/adredir?ad_business_id=Lz8FSSRB_r9X8RI2YEy97w&campaign_id=D2oOEDXs8szeCJlh1NwRgA&click_origin=search_results&placement=above_search&redirect_url=https%3A%2F%2Fwww.yelp.com%2Fbiz%2Fcurry-house-brookline&request_id=129b839b03f15b35&signature=0e9396db44bbff18a9f259353de8b4d57a7991004dda972d12fb5dc9a14b82fb&slot=0","174 reviews","$$","Indian, Vegetarian, Halal","Indian; Vegetarian; Halal","https://www.yelp.com/search?cflt=indpak&find_desc=vegan&l=p%3AMA%3ABoston%3A%3A%5BAllston%2FBrighton%2CArlington_Center%2CArlington_Heights%2CBack_Bay%2CBeacon_Hill%2CBrookline_Village%2CCentral_Square%2CChinatown%2CDowntown%2CEast_Arlington%2CEast_Cambridge%2CFenway%2CJamaica_Plain%2CKendall_Square%2FMIT%2CMission_Hill%2CNorth_Cambridge%2CSouth_End%2CWest_End%5D; https://www.yelp.com/search?cflt=vegetarian&find_desc=vegan&l=p%3AMA%3ABoston%3A%3A%5BAllston%2FBrighton%2CArlington_Center%2CArlington_Heights%2CBack_Bay%2CBeacon_Hill%2CBrookline_Village%2CCentral_Square%2CChinatown%2CDowntown%2CEast_Arlington%2CEast_Cambridge%2CFenway%2CJamaica_Plain%2CKendall_Square%2FMIT%2CMission_Hill%2CNorth_Cambridge%2CSouth_End%2CWest_End%5D; https://www.yelp.com/search?cflt=halal&find_desc=vegan&l=p%3AMA%3ABoston%3A%3A%5BAllston%2FBrighton%2CArlington_Center%2CArlington_Heights%2CBack_Bay%2CBeacon_Hill%2CBrookline_Village%2CCentral_Square%2CChinatown%2CDowntown%2CEast_Arlington%2CEast_Cambridge%2CFenway%2CJamaica_Plain%2CKendall_Square%2FMIT%2CMission_Hill%2CNorth_Cambridge%2CSouth_End%2CWest_End%5D","Coolidge Corner","1335 Beacon St","Brookline, MA 02446","(617) 734-3971"
"https://www.yelp.com/search?find_desc=vegan&start=0&cflt=vegan,vegetarian&l=p:MA:Boston::%5BAllston/Brighton,Arlington_Center,Arlington_Heights,Back_Bay,Beacon_Hill,Brookline_Village,Central_Square,Chinatown,Downtown,East_Arlington,East_Cambridge,Fenway,Jamaica_Plain,Kendall_Square/MIT,Mission_Hill,North_Cambridge,South_End,West_End%5D","Ad","Veggie Crust","https://www.yelp.com/adredir?ad_business_id=xCwdTXySn_B-3PC2Jwm5OQ&campaign_id=6ZHuR1MG2RwLJEjbrivhNw&click_origin=search_results&placement=above_search&redirect_url=https%3A%2F%2Fwww.yelp.com%2Fbiz%2Fveggie-crust-somerville&request_id=129b839b03f15b35&signature=5094ab4b81c28480b7944f4825a3b71e2cd3bc371b8efe2310d492eed0aa0662&slot=1","107 reviews","$$","Pizza, Vegetarian, Vegan","Pizza; Vegetarian; Vegan","https://www.yelp.com/search?cflt=pizza&find_desc=vegan&l=p%3AMA%3ABoston%3A%3A%5BAllston%2FBrighton%2CArlington_Center%2CArlington_Heights%2CBack_Bay%2CBeacon_Hill%2CBrookline_Village%2CCentral_Square%2CChinatown%2CDowntown%2CEast_Arlington%2CEast_Cambridge%2CFenway%2CJamaica_Plain%2CKendall_Square%2FMIT%2CMission_Hill%2CNorth_Cambridge%2CSouth_End%2CWest_End%5D; https://www.yelp.com/search?cflt=vegetarian&find_desc=vegan&l=p%3AMA%3ABoston%3A%3A%5BAllston%2FBrighton%2CArlington_Center%2CArlington_Heights%2CBack_Bay%2CBeacon_Hill%2CBrookline_Village%2CCentral_Square%2CChinatown%2CDowntown%2CEast_Arlington%2CEast_Cambridge%2CFenway%2CJamaica_Plain%2CKendall_Square%2FMIT%2CMission_Hill%2CNorth_Cambridge%2CSouth_End%2CWest_End%5D; https://www.yelp.com/search?cflt=vegan&find_desc=vegan&l=p%3AMA%3ABoston%3A%3A%5BAllston%2FBrighton%2CArlington_Center%2CArlington_Heights%2CBack_Bay%2CBeacon_Hill%2CBrookline_Village%2CCentral_Square%2CChinatown%2CDowntown%2CEast_Arlington%2CEast_Cambridge%2CFenway%2CJamaica_Plain%2CKendall_Square%2FMIT%2CMission_Hill%2CNorth_Cambridge%2CSouth_End%2CWest_End%5D","","445 Somerville Ave","Somerville, MA 02143","(617) 764-4605"
"https://www.yelp.com/search?find_desc=vegan&start=0&cflt=vegan,vegetarian&l=p:MA:Boston::%5BAllston/Brighton,Arlington_Center,Arlington_Heights,Back_Bay,Beacon_Hill,Brookline_Village,Central_Square,Chinatown,Downtown,East_Arlington,East_Cambridge,Fenway,Jamaica_Plain,Kendall_Square/MIT,Mission_Hill,North_Cambridge,South_End,West_End%5D","1.","Whole Heart Provisions","https://www.yelp.com/biz/whole-heart-provisions-allston?osq=vegan","210 reviews","$$","Vegetarian, Vegan, Cafes","Vegetarian; Vegan; Cafes","https://www.yelp.com/search?cflt=vegetarian&find_desc=vegan&l=p%3AMA%3ABoston%3A%3A%5BAllston%2FBrighton%2CArlington_Center%2CArlington_Heights%2CBack_Bay%2CBeacon_Hill%2CBrookline_Village%2CCentral_Square%2CChinatown%2CDowntown%2CEast_Arlington%2CEast_Cambridge%2CFenway%2CJamaica_Plain%2CKendall_Square%2FMIT%2CMission_Hill%2CNorth_Cambridge%2CSouth_End%2CWest_End%5D; https://www.yelp.com/search?cflt=vegan&find_desc=vegan&l=p%3AMA%3ABoston%3A%3A%5BAllston%2FBrighton%2CArlington_Center%2CArlington_Heights%2CBack_Bay%2CBeacon_Hill%2CBrookline_Village%2CCentral_Square%2CChinatown%2CDowntown%2CEast_Arlington%2CEast_Cambridge%2CFenway%2CJamaica_Plain%2CKendall_Square%2FMIT%2CMission_Hill%2CNorth_Cambridge%2CSouth_End%2CWest_End%5D; https://www.yelp.com/search?cflt=cafes&find_desc=vegan&l=p%3AMA%3ABoston%3A%3A%5BAllston%2FBrighton%2CArlington_Center%2CArlington_Heights%2CBack_Bay%2CBeacon_Hill%2CBrookline_Village%2CCentral_Square%2CChinatown%2CDowntown%2CEast_Arlington%2CEast_Cambridge%2CFenway%2CJamaica_Plain%2CKendall_Square%2FMIT%2CMission_Hill%2CNorth_Cambridge%2CSouth_End%2CWest_End%5D","Allston/Brighton","487 Cambridge St","Allston, MA 02134","(617) 202-5041"
"https://www.yelp.com/search?find_desc=vegan&start=0&cflt=vegan,vegetarian&l=p:MA:Boston::%5BAllston/Brighton,Arlington_Center,Arlington_Heights,Back_Bay,Beacon_Hill,Brookline_Village,Central_Square,Chinatown,Downtown,East_Arlington,East_Cambridge,Fenway,Jamaica_Plain,Kendall_Square/MIT,Mission_Hill,North_Cambridge,South_End,West_End%5D","2.","VO2 Vegan Cafe","https://www.yelp.com/biz/vo2-vegan-cafe-cambridge-4?osq=vegan","82 reviews","$$","Vegan, Juice Bars & Smoothies, Breakfast & Brunch","Vegan; Juice Bars & Smoothies; Breakfast & Brunch","https://www.yelp.com/search?cflt=vegan&find_desc=vegan&l=p%3AMA%3ABoston%3A%3A%5BAllston%2FBrighton%2CArlington_Center%2CArlington_Heights%2CBack_Bay%2CBeacon_Hill%2CBrookline_Village%2CCentral_Square%2CChinatown%2CDowntown%2CEast_Arlington%2CEast_Cambridge%2CFenway%2CJamaica_Plain%2CKendall_Square%2FMIT%2CMission_Hill%2CNorth_Cambridge%2CSouth_End%2CWest_End%5D; https://www.yelp.com/search?cflt=juicebars&find_desc=vegan&l=p%3AMA%3ABoston%3A%3A%5BAllston%2FBrighton%2CArlington_Center%2CArlington_Heights%2CBack_Bay%2CBeacon_Hill%2CBrookline_Village%2CCentral_Square%2CChinatown%2CDowntown%2CEast_Arlington%2CEast_Cambridge%2CFenway%2CJamaica_Plain%2CKendall_Square%2FMIT%2CMission_Hill%2CNorth_Cambridge%2CSouth_End%2CWest_End%5D; https://www.yelp.com/search?cflt=breakfast_brunch&find_desc=vegan&l=p%3AMA%3ABoston%3A%3A%5BAllston%2FBrighton%2CArlington_Center%2CArlington_Heights%2CBack_Bay%2CBeacon_Hill%2CBrookline_Village%2CCentral_Square%2CChinatown%2CDowntown%2CEast_Arlington%2CEast_Cambridge%2CFenway%2CJamaica_Plain%2CKendall_Square%2FMIT%2CMission_Hill%2CNorth_Cambridge%2CSouth_End%2CWest_End%5D","Central Square","1001 Massachusetts Ave","Cambridge, MA 02138","(617) 492-2233"
"https://www.yelp.com/search?find_desc=vegan&start=0&cflt=vegan,vegetarian&l=p:MA:Boston::%5BAllston/Brighton,Arlington_Center,Arlington_Heights,Back_Bay,Beacon_Hill,Brookline_Village,Central_Square,Chinatown,Downtown,East_Arlington,East_Cambridge,Fenway,Jamaica_Plain,Kendall_Square/MIT,Mission_Hill,North_Cambridge,South_End,West_End%5D","3.","Veggie Galaxy","https://www.yelp.com/biz/veggie-galaxy-cambridge?osq=vegan","903 reviews","$$","Vegetarian, Gluten-Free, Bakeries","Vegetarian; Gluten-Free; Bakeries","https://www.yelp.com/search?cflt=vegetarian&find_desc=vegan&l=p%3AMA%3ABoston%3A%3A%5BAllston%2FBrighton%2CArlington_Center%2CArlington_Heights%2CBack_Bay%2CBeacon_Hill%2CBrookline_Village%2CCentral_Square%2CChinatown%2CDowntown%2CEast_Arlington%2CEast_Cambridge%2CFenway%2CJamaica_Plain%2CKendall_Square%2FMIT%2CMission_Hill%2CNorth_Cambridge%2CSouth_End%2CWest_End%5D; https://www.yelp.com/search?cflt=gluten_free&find_desc=vegan&l=p%3AMA%3ABoston%3A%3A%5BAllston%2FBrighton%2CArlington_Center%2CArlington_Heights%2CBack_Bay%2CBeacon_Hill%2CBrookline_Village%2CCentral_Square%2CChinatown%2CDowntown%2CEast_Arlington%2CEast_Cambridge%2CFenway%2CJamaica_Plain%2CKendall_Square%2FMIT%2CMission_Hill%2CNorth_Cambridge%2CSouth_End%2CWest_End%5D; https://www.yelp.com/search?cflt=bakeries&find_desc=vegan&l=p%3AMA%3ABoston%3A%3A%5BAllston%2FBrighton%2CArlington_Center%2CArlington_Heights%2CBack_Bay%2CBeacon_Hill%2CBrookline_Village%2CCentral_Square%2CChinatown%2CDowntown%2CEast_Arlington%2CEast_Cambridge%2CFenway%2CJamaica_Plain%2CKendall_Square%2FMIT%2CMission_Hill%2CNorth_Cambridge%2CSouth_End%2CWest_End%5D","Central Square","450 Massachusetts Ave","Cambridge, MA 02139","(617) 497-1513"
"https://www.yelp.com/search?find_desc=vegan&start=0&cflt=vegan,vegetarian&l=p:MA:Boston::%5BAllston/Brighton,Arlington_Center,Arlington_Heights,Back_Bay,Beacon_Hill,Brookline_Village,Central_Square,Chinatown,Downtown,East_Arlington,East_Cambridge,Fenway,Jamaica_Plain,Kendall_Square/MIT,Mission_Hill,North_Cambridge,South_End,West_End%5D","4.","Life Alive","https://www.yelp.com/biz/life-alive-cambridge?osq=vegan","1231 reviews","$$","Vegetarian, Vegan, Juice Bars & Smoothies","Vegetarian; Vegan; Juice Bars & Smoothies","https://www.yelp.com/search?cflt=vegetarian&find_desc=vegan&l=p%3AMA%3ABoston%3A%3A%5BAllston%2FBrighton%2CArlington_Center%2CArlington_Heights%2CBack_Bay%2CBeacon_Hill%2CBrookline_Village%2CCentral_Square%2CChinatown%2CDowntown%2CEast_Arlington%2CEast_Cambridge%2CFenway%2CJamaica_Plain%2CKendall_Square%2FMIT%2CMission_Hill%2CNorth_Cambridge%2CSouth_End%2CWest_End%5D; https://www.yelp.com/search?cflt=vegan&find_desc=vegan&l=p%3AMA%3ABoston%3A%3A%5BAllston%2FBrighton%2CArlington_Center%2CArlington_Heights%2CBack_Bay%2CBeacon_Hill%2CBrookline_Village%2CCentral_Square%2CChinatown%2CDowntown%2CEast_Arlington%2CEast_Cambridge%2CFenway%2CJamaica_Plain%2CKendall_Square%2FMIT%2CMission_Hill%2CNorth_Cambridge%2CSouth_End%2CWest_End%5D; https://www.yelp.com/search?cflt=juicebars&find_desc=vegan&l=p%3AMA%3ABoston%3A%3A%5BAllston%2FBrighton%2CArlington_Center%2CArlington_Heights%2CBack_Bay%2CBeacon_Hill%2CBrookline_Village%2CCentral_Square%2CChinatown%2CDowntown%2CEast_Arlington%2CEast_Cambridge%2CFenway%2CJamaica_Plain%2CKendall_Square%2FMIT%2CMission_Hill%2CNorth_Cambridge%2CSouth_End%2CWest_End%5D","Central Square","765 Mass Ave","Cambridge, MA 02139","(617) 354-5433"
"https://www.yelp.com/search?find_desc=vegan&start=0&cflt=vegan,vegetarian&l=p:MA:Boston::%5BAllston/Brighton,Arlington_Center,Arlington_Heights,Back_Bay,Beacon_Hill,Brookline_Village,Central_Square,Chinatown,Downtown,East_Arlington,East_Cambridge,Fenway,Jamaica_Plain,Kendall_Square/MIT,Mission_Hill,North_Cambridge,South_End,West_End%5D","5.","Grasshopper Restaurant","https://www.yelp.com/biz/grasshopper-restaurant-allston?osq=vegan","508 reviews","$$","Chinese, Vegetarian, Vegan","Chinese; Vegetarian; Vegan","https://www.yelp.com/search?cflt=chinese&find_desc=vegan&l=p%3AMA%3ABoston%3A%3A%5BAllston%2FBrighton%2CArlington_Center%2CArlington_Heights%2CBack_Bay%2CBeacon_Hill%2CBrookline_Village%2CCentral_Square%2CChinatown%2CDowntown%2CEast_Arlington%2CEast_Cambridge%2CFenway%2CJamaica_Plain%2CKendall_Square%2FMIT%2CMission_Hill%2CNorth_Cambridge%2CSouth_End%2CWest_End%5D; https://www.yelp.com/search?cflt=vegetarian&find_desc=vegan&l=p%3AMA%3ABoston%3A%3A%5BAllston%2FBrighton%2CArlington_Center%2CArlington_Heights%2CBack_Bay%2CBeacon_Hill%2CBrookline_Village%2CCentral_Square%2CChinatown%2CDowntown%2CEast_Arlington%2CEast_Cambridge%2CFenway%2CJamaica_Plain%2CKendall_Square%2FMIT%2CMission_Hill%2CNorth_Cambridge%2CSouth_End%2CWest_End%5D; https://www.yelp.com/search?cflt=vegan&find_desc=vegan&l=p%3AMA%3ABoston%3A%3A%5BAllston%2FBrighton%2CArlington_Center%2CArlington_Heights%2CBack_Bay%2CBeacon_Hill%2CBrookline_Village%2CCentral_Square%2CChinatown%2CDowntown%2CEast_Arlington%2CEast_Cambridge%2CFenway%2CJamaica_Plain%2CKendall_Square%2FMIT%2CMission_Hill%2CNorth_Cambridge%2CSouth_End%2CWest_End%5D","Allston/Brighton","1 N Beacon St","Allston, MA 02134","(617) 254-8883"
"https://www.yelp.com/search?find_desc=vegan&start=0&cflt=vegan,vegetarian&l=p:MA:Boston::%5BAllston/Brighton,Arlington_Center,Arlington_Heights,Back_Bay,Beacon_Hill,Brookline_Village,Central_Square,Chinatown,Downtown,East_Arlington,East_Cambridge,Fenway,Jamaica_Plain,Kendall_Square/MIT,Mission_Hill,North_Cambridge,South_End,West_End%5D","6.","Cornish Pasty","https://www.yelp.com/biz/cornish-pasty-boston-3?osq=vegan","138 reviews","$$","British, Vegan, Vegetarian","British; Vegan; Vegetarian","https://www.yelp.com/search?cflt=british&find_desc=vegan&l=p%3AMA%3ABoston%3A%3A%5BAllston%2FBrighton%2CArlington_Center%2CArlington_Heights%2CBack_Bay%2CBeacon_Hill%2CBrookline_Village%2CCentral_Square%2CChinatown%2CDowntown%2CEast_Arlington%2CEast_Cambridge%2CFenway%2CJamaica_Plain%2CKendall_Square%2FMIT%2CMission_Hill%2CNorth_Cambridge%2CSouth_End%2CWest_End%5D; https://www.yelp.com/search?cflt=vegan&find_desc=vegan&l=p%3AMA%3ABoston%3A%3A%5BAllston%2FBrighton%2CArlington_Center%2CArlington_Heights%2CBack_Bay%2CBeacon_Hill%2CBrookline_Village%2CCentral_Square%2CChinatown%2CDowntown%2CEast_Arlington%2CEast_Cambridge%2CFenway%2CJamaica_Plain%2CKendall_Square%2FMIT%2CMission_Hill%2CNorth_Cambridge%2CSouth_End%2CWest_End%5D; https://www.yelp.com/search?cflt=vegetarian&find_desc=vegan&l=p%3AMA%3ABoston%3A%3A%5BAllston%2FBrighton%2CArlington_Center%2CArlington_Heights%2CBack_Bay%2CBeacon_Hill%2CBrookline_Village%2CCentral_Square%2CChinatown%2CDowntown%2CEast_Arlington%2CEast_Cambridge%2CFenway%2CJamaica_Plain%2CKendall_Square%2FMIT%2CMission_Hill%2CNorth_Cambridge%2CSouth_End%2CWest_End%5D","Back Bay","51 Massachusetts Ave","Boston, MA 02115","(857) 250-4497"
"https://www.yelp.com/search?find_desc=vegan&start=0&cflt=vegan,vegetarian&l=p:MA:Boston::%5BAllston/Brighton,Arlington_Center,Arlington_Heights,Back_Bay,Beacon_Hill,Brookline_Village,Central_Square,Chinatown,Downtown,East_Arlington,East_Cambridge,Fenway,Jamaica_Plain,Kendall_Square/MIT,Mission_Hill,North_Cambridge,South_End,West_End%5D","7.","Cuong’s Vegan Sandwiches","https://www.yelp.com/biz/cuongs-vegan-sandwiches-boston-2?osq=vegan","65 reviews","$","Sandwiches, Vegan, Bubble Tea","Sandwiches; Vegan; Bubble Tea","https://www.yelp.com/search?cflt=sandwiches&find_desc=vegan&l=p%3AMA%3ABoston%3A%3A%5BAllston%2FBrighton%2CArlington_Center%2CArlington_Heights%2CBack_Bay%2CBeacon_Hill%2CBrookline_Village%2CCentral_Square%2CChinatown%2CDowntown%2CEast_Arlington%2CEast_Cambridge%2CFenway%2CJamaica_Plain%2CKendall_Square%2FMIT%2CMission_Hill%2CNorth_Cambridge%2CSouth_End%2CWest_End%5D; https://www.yelp.com/search?cflt=vegan&find_desc=vegan&l=p%3AMA%3ABoston%3A%3A%5BAllston%2FBrighton%2CArlington_Center%2CArlington_Heights%2CBack_Bay%2CBeacon_Hill%2CBrookline_Village%2CCentral_Square%2CChinatown%2CDowntown%2CEast_Arlington%2CEast_Cambridge%2CFenway%2CJamaica_Plain%2CKendall_Square%2FMIT%2CMission_Hill%2CNorth_Cambridge%2CSouth_End%2CWest_End%5D; https://www.yelp.com/search?cflt=bubbletea&find_desc=vegan&l=p%3AMA%3ABoston%3A%3A%5BAllston%2FBrighton%2CArlington_Center%2CArlington_Heights%2CBack_Bay%2CBeacon_Hill%2CBrookline_Village%2CCentral_Square%2CChinatown%2CDowntown%2CEast_Arlington%2CEast_Cambridge%2CFenway%2CJamaica_Plain%2CKendall_Square%2FMIT%2CMission_Hill%2CNorth_Cambridge%2CSouth_End%2CWest_End%5D","Chinatown","5 Beach St","Boston, MA 02111","(617) 422-5898"
"https://www.yelp.com/search?find_desc=vegan&start=0&cflt=vegan,vegetarian&l=p:MA:Boston::%5BAllston/Brighton,Arlington_Center,Arlington_Heights,Back_Bay,Beacon_Hill,Brookline_Village,Central_Square,Chinatown,Downtown,East_Arlington,East_Cambridge,Fenway,Jamaica_Plain,Kendall_Square/MIT,Mission_Hill,North_Cambridge,South_End,West_End%5D","8.","My Thai Vegan Cafe","https://www.yelp.com/biz/my-thai-vegan-cafe-boston-3?osq=vegan","693 reviews","$$","Thai, Vegan","Thai; Vegan","https://www.yelp.com/search?cflt=thai&find_desc=vegan&l=p%3AMA%3ABoston%3A%3A%5BAllston%2FBrighton%2CArlington_Center%2CArlington_Heights%2CBack_Bay%2CBeacon_Hill%2CBrookline_Village%2CCentral_Square%2CChinatown%2CDowntown%2CEast_Arlington%2CEast_Cambridge%2CFenway%2CJamaica_Plain%2CKendall_Square%2FMIT%2CMission_Hill%2CNorth_Cambridge%2CSouth_End%2CWest_End%5D; https://www.yelp.com/search?cflt=vegan&find_desc=vegan&l=p%3AMA%3ABoston%3A%3A%5BAllston%2FBrighton%2CArlington_Center%2CArlington_Heights%2CBack_Bay%2CBeacon_Hill%2CBrookline_Village%2CCentral_Square%2CChinatown%2CDowntown%2CEast_Arlington%2CEast_Cambridge%2CFenway%2CJamaica_Plain%2CKendall_Square%2FMIT%2CMission_Hill%2CNorth_Cambridge%2CSouth_End%2CWest_End%5D","Chinatown","3 Beach St","Boston, MA 02111","(617) 451-2395"
"https://www.yelp.com/search?find_desc=vegan&start=0&cflt=vegan,vegetarian&l=p:MA:Boston::%5BAllston/Brighton,Arlington_Center,Arlington_Heights,Back_Bay,Beacon_Hill,Brookline_Village,Central_Square,Chinatown,Downtown,East_Arlington,East_Cambridge,Fenway,Jamaica_Plain,Kendall_Square/MIT,Mission_Hill,North_Cambridge,South_End,West_End%5D","9.","by CHLOE. Fenway","https://www.yelp.com/biz/by-chloe-fenway-boston?osq=vegan","85 reviews","$$","Vegan, Vegetarian, American (New)","Vegan; Vegetarian; American (New)","https://www.yelp.com/search?cflt=vegan&find_desc=vegan&l=p%3AMA%3ABoston%3A%3A%5BAllston%2FBrighton%2CArlington_Center%2CArlington_Heights%2CBack_Bay%2CBeacon_Hill%2CBrookline_Village%2CCentral_Square%2CChinatown%2CDowntown%2CEast_Arlington%2CEast_Cambridge%2CFenway%2CJamaica_Plain%2CKendall_Square%2FMIT%2CMission_Hill%2CNorth_Cambridge%2CSouth_End%2CWest_End%5D; https://www.yelp.com/search?cflt=vegetarian&find_desc=vegan&l=p%3AMA%3ABoston%3A%3A%5BAllston%2FBrighton%2CArlington_Center%2CArlington_Heights%2CBack_Bay%2CBeacon_Hill%2CBrookline_Village%2CCentral_Square%2CChinatown%2CDowntown%2CEast_Arlington%2CEast_Cambridge%2CFenway%2CJamaica_Plain%2CKendall_Square%2FMIT%2CMission_Hill%2CNorth_Cambridge%2CSouth_End%2CWest_End%5D; https://www.yelp.com/search?cflt=newamerican&find_desc=vegan&l=p%3AMA%3ABoston%3A%3A%5BAllston%2FBrighton%2CArlington_Center%2CArlington_Heights%2CBack_Bay%2CBeacon_Hill%2CBrookline_Village%2CCentral_Square%2CChinatown%2CDowntown%2CEast_Arlington%2CEast_Cambridge%2CFenway%2CJamaica_Plain%2CKendall_Square%2FMIT%2CMission_Hill%2CNorth_Cambridge%2CSouth_End%2CWest_End%5D","Fenway","100 Van Ness St","Boston, MA 02215",""
"https://www.yelp.com/search?find_desc=vegan&start=0&cflt=vegan,vegetarian&l=p:MA:Boston::%5BAllston/Brighton,Arlington_Center,Arlington_Heights,Back_Bay,Beacon_Hill,Brookline_Village,Central_Square,Chinatown,Downtown,East_Arlington,East_Cambridge,Fenway,Jamaica_Plain,Kendall_Square/MIT,Mission_Hill,North_Cambridge,South_End,West_End%5D","10.","Zhu","https://www.yelp.com/biz/zhu-arlington?osq=vegan","93 reviews","$$","Asian Fusion, Vegan, Vegetarian","Asian Fusion; Vegan; Vegetarian","https://www.yelp.com/search?cflt=asianfusion&find_desc=vegan&l=p%3AMA%3ABoston%3A%3A%5BAllston%2FBrighton%2CArlington_Center%2CArlington_Heights%2CBack_Bay%2CBeacon_Hill%2CBrookline_Village%2CCentral_Square%2CChinatown%2CDowntown%2CEast_Arlington%2CEast_Cambridge%2CFenway%2CJamaica_Plain%2CKendall_Square%2FMIT%2CMission_Hill%2CNorth_Cambridge%2CSouth_End%2CWest_End%5D; https://www.yelp.com/search?cflt=vegan&find_desc=vegan&l=p%3AMA%3ABoston%3A%3A%5BAllston%2FBrighton%2CArlington_Center%2CArlington_Heights%2CBack_Bay%2CBeacon_Hill%2CBrookline_Village%2CCentral_Square%2CChinatown%2CDowntown%2CEast_Arlington%2CEast_Cambridge%2CFenway%2CJamaica_Plain%2CKendall_Square%2FMIT%2CMission_Hill%2CNorth_Cambridge%2CSouth_End%2CWest_End%5D; https://www.yelp.com/search?cflt=vegetarian&find_desc=vegan&l=p%3AMA%3ABoston%3A%3A%5BAllston%2FBrighton%2CArlington_Center%2CArlington_Heights%2CBack_Bay%2CBeacon_Hill%2CBrookline_Village%2CCentral_Square%2CChinatown%2CDowntown%2CEast_Arlington%2CEast_Cambridge%2CFenway%2CJamaica_Plain%2CKendall_Square%2FMIT%2CMission_Hill%2CNorth_Cambridge%2CSouth_End%2CWest_End%5D","East Arlington","166 Massachusetts Ave","Arlington, MA 02474","(781) 646-7600"
"https://www.yelp.com/search?find_desc=vegan&start=0&cflt=vegan,vegetarian&l=p:MA:Boston::%5BAllston/Brighton,Arlington_Center,Arlington_Heights,Back_Bay,Beacon_Hill,Brookline_Village,Central_Square,Chinatown,Downtown,East_Arlington,East_Cambridge,Fenway,Jamaica_Plain,Kendall_Square/MIT,Mission_Hill,North_Cambridge,South_End,West_End%5D","Ad","Moozy’s Ice Cream & Yogurt Emporium","https://www.yelp.com/adredir?ad_business_id=ygQKjTzsYKmrUvsyCuU0mw&campaign_id=vCiSJQfZSuMG-C_AdFi_0A&click_origin=search_results&placement=below_search&redirect_url=https%3A%2F%2Fwww.yelp.com%2Fbiz%2Fmoozys-ice-cream-and-yogurt-emporium-belmont&request_id=129b839b03f15b35&signature=2e2edbfd852885aec80d1cde1862e18629b73625351f4b9c664127352d80f4a6&slot=0","77 reviews","$","Sandwiches, Ice Cream & Frozen Yogurt, Salad","Sandwiches; Ice Cream & Frozen Yogurt; Salad","https://www.yelp.com/search?cflt=sandwiches&find_desc=vegan&l=p%3AMA%3ABoston%3A%3A%5BAllston%2FBrighton%2CArlington_Center%2CArlington_Heights%2CBack_Bay%2CBeacon_Hill%2CBrookline_Village%2CCentral_Square%2CChinatown%2CDowntown%2CEast_Arlington%2CEast_Cambridge%2CFenway%2CJamaica_Plain%2CKendall_Square%2FMIT%2CMission_Hill%2CNorth_Cambridge%2CSouth_End%2CWest_End%5D; https://www.yelp.com/search?cflt=icecream&find_desc=vegan&l=p%3AMA%3ABoston%3A%3A%5BAllston%2FBrighton%2CArlington_Center%2CArlington_Heights%2CBack_Bay%2CBeacon_Hill%2CBrookline_Village%2CCentral_Square%2CChinatown%2CDowntown%2CEast_Arlington%2CEast_Cambridge%2CFenway%2CJamaica_Plain%2CKendall_Square%2FMIT%2CMission_Hill%2CNorth_Cambridge%2CSouth_End%2CWest_End%5D; https://www.yelp.com/search?cflt=salad&find_desc=vegan&l=p%3AMA%3ABoston%3A%3A%5BAllston%2FBrighton%2CArlington_Center%2CArlington_Heights%2CBack_Bay%2CBeacon_Hill%2CBrookline_Village%2CCentral_Square%2CChinatown%2CDowntown%2CEast_Arlington%2CEast_Cambridge%2CFenway%2CJamaica_Plain%2CKendall_Square%2FMIT%2CMission_Hill%2CNorth_Cambridge%2CSouth_End%2CWest_End%5D","","2 Trapelo Rd","Belmont, MA 02478","(617) 484-4445"
"https://www.yelp.com/search?cflt=vegan%2Cvegetarian&find_desc=vegan&l=p%3AMA%3ABoston%3A%3A%5BAllston%2FBrighton%2CArlington_Center%2CArlington_Heights%2CBack_Bay%2CBeacon_Hill%2CBrookline_Village%2CCentral_Square%2CChinatown%2CDowntown%2CEast_Arlington%2CEast_Cambridge%2CFenway%2CJamaica_Plain%2CKendall_Square%2FMIT%2CMission_Hill%2CNorth_Cambridge%2CSouth_End%2CWest_End%5D&start=10","Ad","Natalie’s Pizzeria","https://www.yelp.com/adredir?ad_business_id=5rT5Hesr0ZjOfnAkHc9--w&campaign_id=mJM5OnuxgnLyAJy0CDEHJg&click_origin=search_results&placement=above_search&redirect_url=https%3A%2F%2Fwww.yelp.com%2Fbiz%2Fnatalies-pizzeria-allston-20&request_id=16689a3625e4e2c2&signature=7ecd067eb97e2ea3c043209f8a54272a61b9db0b9c54ce9beb865e9fb2ee9810&slot=0","","$$","Pizza","Pizza","https://www.yelp.com/search?cflt=pizza&find_desc=vegan&l=p%3AMA%3ABoston%3A%3A%5BAllston%2FBrighton%2CArlington_Center%2CArlington_Heights%2CBack_Bay%2CBeacon_Hill%2CBrookline_Village%2CCentral_Square%2CChinatown%2CDowntown%2CEast_Arlington%2CEast_Cambridge%2CFenway%2CJamaica_Plain%2CKendall_Square%2FMIT%2CMission_Hill%2CNorth_Cambridge%2CSouth_End%2CWest_End%5D","Allston/Brighton","1312 Commonwealth Ave","Allston, MA 02134","(617) 277-7662"
"https://www.yelp.com/search?cflt=vegan%2Cvegetarian&find_desc=vegan&l=p%3AMA%3ABoston%3A%3A%5BAllston%2FBrighton%2CArlington_Center%2CArlington_Heights%2CBack_Bay%2CBeacon_Hill%2CBrookline_Village%2CCentral_Square%2CChinatown%2CDowntown%2CEast_Arlington%2CEast_Cambridge%2CFenway%2CJamaica_Plain%2CKendall_Square%2FMIT%2CMission_Hill%2CNorth_Cambridge%2CSouth_End%2CWest_End%5D&start=10","Ad","Moozy’s Ice Cream & Yogurt Emporium","https://www.yelp.com/adredir?ad_business_id=ygQKjTzsYKmrUvsyCuU0mw&campaign_id=vCiSJQfZSuMG-C_AdFi_0A&click_origin=search_results&placement=above_search&redirect_url=https%3A%2F%2Fwww.yelp.com%2Fbiz%2Fmoozys-ice-cream-and-yogurt-emporium-belmont&request_id=16689a3625e4e2c2&signature=d4ab869c7e2bdb790cb3d2eb1ff2d4c0dcc7fcdbfe8a2ebe09cb81d0f8af521d&slot=1","77 reviews","$","Ice Cream & Frozen Yogurt, Sandwiches, Salad","Ice Cream & Frozen Yogurt; Sandwiches; Salad","https://www.yelp.com/search?cflt=icecream&find_desc=vegan&l=p%3AMA%3ABoston%3A%3A%5BAllston%2FBrighton%2CArlington_Center%2CArlington_Heights%2CBack_Bay%2CBeacon_Hill%2CBrookline_Village%2CCentral_Square%2CChinatown%2CDowntown%2CEast_Arlington%2CEast_Cambridge%2CFenway%2CJamaica_Plain%2CKendall_Square%2FMIT%2CMission_Hill%2CNorth_Cambridge%2CSouth_End%2CWest_End%5D; https://www.yelp.com/search?cflt=sandwiches&find_desc=vegan&l=p%3AMA%3ABoston%3A%3A%5BAllston%2FBrighton%2CArlington_Center%2CArlington_Heights%2CBack_Bay%2CBeacon_Hill%2CBrookline_Village%2CCentral_Square%2CChinatown%2CDowntown%2CEast_Arlington%2CEast_Cambridge%2CFenway%2CJamaica_Plain%2CKendall_Square%2FMIT%2CMission_Hill%2CNorth_Cambridge%2CSouth_End%2CWest_End%5D; https://www.yelp.com/search?cflt=salad&find_desc=vegan&l=p%3AMA%3ABoston%3A%3A%5BAllston%2FBrighton%2CArlington_Center%2CArlington_Heights%2CBack_Bay%2CBeacon_Hill%2CBrookline_Village%2CCentral_Square%2CChinatown%2CDowntown%2CEast_Arlington%2CEast_Cambridge%2CFenway%2CJamaica_Plain%2CKendall_Square%2FMIT%2CMission_Hill%2CNorth_Cambridge%2CSouth_End%2CWest_End%5D","","2 Trapelo Rd","Belmont, MA 02478","(617) 484-4445"
"https://www.yelp.com/search?cflt=vegan%2Cvegetarian&find_desc=vegan&l=p%3AMA%3ABoston%3A%3A%5BAllston%2FBrighton%2CArlington_Center%2CArlington_Heights%2CBack_Bay%2CBeacon_Hill%2CBrookline_Village%2CCentral_Square%2CChinatown%2CDowntown%2CEast_Arlington%2CEast_Cambridge%2CFenway%2CJamaica_Plain%2CKendall_Square%2FMIT%2CMission_Hill%2CNorth_Cambridge%2CSouth_End%2CWest_End%5D&start=10","11.","Zhu","https://www.yelp.com/biz/zhu-arlington?osq=vegan","93 reviews","$$","Asian Fusion, Vegan, Vegetarian","Asian Fusion; Vegan; Vegetarian","https://www.yelp.com/search?cflt=asianfusion&find_desc=vegan&l=p%3AMA%3ABoston%3A%3A%5BAllston%2FBrighton%2CArlington_Center%2CArlington_Heights%2CBack_Bay%2CBeacon_Hill%2CBrookline_Village%2CCentral_Square%2CChinatown%2CDowntown%2CEast_Arlington%2CEast_Cambridge%2CFenway%2CJamaica_Plain%2CKendall_Square%2FMIT%2CMission_Hill%2CNorth_Cambridge%2CSouth_End%2CWest_End%5D; https://www.yelp.com/search?cflt=vegan&find_desc=vegan&l=p%3AMA%3ABoston%3A%3A%5BAllston%2FBrighton%2CArlington_Center%2CArlington_Heights%2CBack_Bay%2CBeacon_Hill%2CBrookline_Village%2CCentral_Square%2CChinatown%2CDowntown%2CEast_Arlington%2CEast_Cambridge%2CFenway%2CJamaica_Plain%2CKendall_Square%2FMIT%2CMission_Hill%2CNorth_Cambridge%2CSouth_End%2CWest_End%5D; https://www.yelp.com/search?cflt=vegetarian&find_desc=vegan&l=p%3AMA%3ABoston%3A%3A%5BAllston%2FBrighton%2CArlington_Center%2CArlington_Heights%2CBack_Bay%2CBeacon_Hill%2CBrookline_Village%2CCentral_Square%2CChinatown%2CDowntown%2CEast_Arlington%2CEast_Cambridge%2CFenway%2CJamaica_Plain%2CKendall_Square%2FMIT%2CMission_Hill%2CNorth_Cambridge%2CSouth_End%2CWest_End%5D","East Arlington","166 Massachusetts Ave","Arlington, MA 02474","(781) 646-7600"
"https://www.yelp.com/search?cflt=vegan%2Cvegetarian&find_desc=vegan&l=p%3AMA%3ABoston%3A%3A%5BAllston%2FBrighton%2CArlington_Center%2CArlington_Heights%2CBack_Bay%2CBeacon_Hill%2CBrookline_Village%2CCentral_Square%2CChinatown%2CDowntown%2CEast_Arlington%2CEast_Cambridge%2CFenway%2CJamaica_Plain%2CKendall_Square%2FMIT%2CMission_Hill%2CNorth_Cambridge%2CSouth_End%2CWest_End%5D&start=10","12.","by CHLOE. Fenway","https://www.yelp.com/biz/by-chloe-fenway-boston?osq=vegan","85 reviews","$$","Vegan, Vegetarian, American (New)","Vegan; Vegetarian; American (New)","https://www.yelp.com/search?cflt=vegan&find_desc=vegan&l=p%3AMA%3ABoston%3A%3A%5BAllston%2FBrighton%2CArlington_Center%2CArlington_Heights%2CBack_Bay%2CBeacon_Hill%2CBrookline_Village%2CCentral_Square%2CChinatown%2CDowntown%2CEast_Arlington%2CEast_Cambridge%2CFenway%2CJamaica_Plain%2CKendall_Square%2FMIT%2CMission_Hill%2CNorth_Cambridge%2CSouth_End%2CWest_End%5D; https://www.yelp.com/search?cflt=vegetarian&find_desc=vegan&l=p%3AMA%3ABoston%3A%3A%5BAllston%2FBrighton%2CArlington_Center%2CArlington_Heights%2CBack_Bay%2CBeacon_Hill%2CBrookline_Village%2CCentral_Square%2CChinatown%2CDowntown%2CEast_Arlington%2CEast_Cambridge%2CFenway%2CJamaica_Plain%2CKendall_Square%2FMIT%2CMission_Hill%2CNorth_Cambridge%2CSouth_End%2CWest_End%5D; https://www.yelp.com/search?cflt=newamerican&find_desc=vegan&l=p%3AMA%3ABoston%3A%3A%5BAllston%2FBrighton%2CArlington_Center%2CArlington_Heights%2CBack_Bay%2CBeacon_Hill%2CBrookline_Village%2CCentral_Square%2CChinatown%2CDowntown%2CEast_Arlington%2CEast_Cambridge%2CFenway%2CJamaica_Plain%2CKendall_Square%2FMIT%2CMission_Hill%2CNorth_Cambridge%2CSouth_End%2CWest_End%5D","Fenway","100 Van Ness St","Boston, MA 02215",""
"https://www.yelp.com/search?cflt=vegan%2Cvegetarian&find_desc=vegan&l=p%3AMA%3ABoston%3A%3A%5BAllston%2FBrighton%2CArlington_Center%2CArlington_Heights%2CBack_Bay%2CBeacon_Hill%2CBrookline_Village%2CCentral_Square%2CChinatown%2CDowntown%2CEast_Arlington%2CEast_Cambridge%2CFenway%2CJamaica_Plain%2CKendall_Square%2FMIT%2CMission_Hill%2CNorth_Cambridge%2CSouth_End%2CWest_End%5D&start=10","13.","Cocobeet","https://www.yelp.com/biz/cocobeet-boston?osq=vegan","185 reviews","$$","Juice Bars & Smoothies, Salad, Vegan","Juice Bars & Smoothies; Salad; Vegan","https://www.yelp.com/search?cflt=juicebars&find_desc=vegan&l=p%3AMA%3ABoston%3A%3A%5BAllston%2FBrighton%2CArlington_Center%2CArlington_Heights%2CBack_Bay%2CBeacon_Hill%2CBrookline_Village%2CCentral_Square%2CChinatown%2CDowntown%2CEast_Arlington%2CEast_Cambridge%2CFenway%2CJamaica_Plain%2CKendall_Square%2FMIT%2CMission_Hill%2CNorth_Cambridge%2CSouth_End%2CWest_End%5D; https://www.yelp.com/search?cflt=salad&find_desc=vegan&l=p%3AMA%3ABoston%3A%3A%5BAllston%2FBrighton%2CArlington_Center%2CArlington_Heights%2CBack_Bay%2CBeacon_Hill%2CBrookline_Village%2CCentral_Square%2CChinatown%2CDowntown%2CEast_Arlington%2CEast_Cambridge%2CFenway%2CJamaica_Plain%2CKendall_Square%2FMIT%2CMission_Hill%2CNorth_Cambridge%2CSouth_End%2CWest_End%5D; https://www.yelp.com/search?cflt=vegan&find_desc=vegan&l=p%3AMA%3ABoston%3A%3A%5BAllston%2FBrighton%2CArlington_Center%2CArlington_Heights%2CBack_Bay%2CBeacon_Hill%2CBrookline_Village%2CCentral_Square%2CChinatown%2CDowntown%2CEast_Arlington%2CEast_Cambridge%2CFenway%2CJamaica_Plain%2CKendall_Square%2FMIT%2CMission_Hill%2CNorth_Cambridge%2CSouth_End%2CWest_End%5D","Downtown","100 City Hall Plz","Boston, MA 02108","(857) 263-8598"
"https://www.yelp.com/search?cflt=vegan%2Cvegetarian&find_desc=vegan&l=p%3AMA%3ABoston%3A%3A%5BAllston%2FBrighton%2CArlington_Center%2CArlington_Heights%2CBack_Bay%2CBeacon_Hill%2CBrookline_Village%2CCentral_Square%2CChinatown%2CDowntown%2CEast_Arlington%2CEast_Cambridge%2CFenway%2CJamaica_Plain%2CKendall_Square%2FMIT%2CMission_Hill%2CNorth_Cambridge%2CSouth_End%2CWest_End%5D&start=10","14.","Blue State Coffee","https://www.yelp.com/biz/blue-state-coffee-boston?osq=vegan","186 reviews","$","Coffee & Tea, Vegan, Sandwiches","Coffee & Tea; Vegan; Sandwiches","https://www.yelp.com/search?cflt=coffee&find_desc=vegan&l=p%3AMA%3ABoston%3A%3A%5BAllston%2FBrighton%2CArlington_Center%2CArlington_Heights%2CBack_Bay%2CBeacon_Hill%2CBrookline_Village%2CCentral_Square%2CChinatown%2CDowntown%2CEast_Arlington%2CEast_Cambridge%2CFenway%2CJamaica_Plain%2CKendall_Square%2FMIT%2CMission_Hill%2CNorth_Cambridge%2CSouth_End%2CWest_End%5D; https://www.yelp.com/search?cflt=vegan&find_desc=vegan&l=p%3AMA%3ABoston%3A%3A%5BAllston%2FBrighton%2CArlington_Center%2CArlington_Heights%2CBack_Bay%2CBeacon_Hill%2CBrookline_Village%2CCentral_Square%2CChinatown%2CDowntown%2CEast_Arlington%2CEast_Cambridge%2CFenway%2CJamaica_Plain%2CKendall_Square%2FMIT%2CMission_Hill%2CNorth_Cambridge%2CSouth_End%2CWest_End%5D; https://www.yelp.com/search?cflt=sandwiches&find_desc=vegan&l=p%3AMA%3ABoston%3A%3A%5BAllston%2FBrighton%2CArlington_Center%2CArlington_Heights%2CBack_Bay%2CBeacon_Hill%2CBrookline_Village%2CCentral_Square%2CChinatown%2CDowntown%2CEast_Arlington%2CEast_Cambridge%2CFenway%2CJamaica_Plain%2CKendall_Square%2FMIT%2CMission_Hill%2CNorth_Cambridge%2CSouth_End%2CWest_End%5D","Allston/Brighton","957 Commonwealth Ave","Boston, MA 02215","(617) 254-0929"
"https://www.yelp.com/search?cflt=vegan%2Cvegetarian&find_desc=vegan&l=p%3AMA%3ABoston%3A%3A%5BAllston%2FBrighton%2CArlington_Center%2CArlington_Heights%2CBack_Bay%2CBeacon_Hill%2CBrookline_Village%2CCentral_Square%2CChinatown%2CDowntown%2CEast_Arlington%2CEast_Cambridge%2CFenway%2CJamaica_Plain%2CKendall_Square%2FMIT%2CMission_Hill%2CNorth_Cambridge%2CSouth_End%2CWest_End%5D&start=10","15.","Fiore’s Bakery","https://www.yelp.com/biz/fiores-bakery-jamaica-plain?osq=vegan","299 reviews","$","Bakeries, Sandwiches, Vegan","Bakeries; Sandwiches; Vegan","https://www.yelp.com/search?cflt=bakeries&find_desc=vegan&l=p%3AMA%3ABoston%3A%3A%5BAllston%2FBrighton%2CArlington_Center%2CArlington_Heights%2CBack_Bay%2CBeacon_Hill%2CBrookline_Village%2CCentral_Square%2CChinatown%2CDowntown%2CEast_Arlington%2CEast_Cambridge%2CFenway%2CJamaica_Plain%2CKendall_Square%2FMIT%2CMission_Hill%2CNorth_Cambridge%2CSouth_End%2CWest_End%5D; https://www.yelp.com/search?cflt=sandwiches&find_desc=vegan&l=p%3AMA%3ABoston%3A%3A%5BAllston%2FBrighton%2CArlington_Center%2CArlington_Heights%2CBack_Bay%2CBeacon_Hill%2CBrookline_Village%2CCentral_Square%2CChinatown%2CDowntown%2CEast_Arlington%2CEast_Cambridge%2CFenway%2CJamaica_Plain%2CKendall_Square%2FMIT%2CMission_Hill%2CNorth_Cambridge%2CSouth_End%2CWest_End%5D; https://www.yelp.com/search?cflt=vegan&find_desc=vegan&l=p%3AMA%3ABoston%3A%3A%5BAllston%2FBrighton%2CArlington_Center%2CArlington_Heights%2CBack_Bay%2CBeacon_Hill%2CBrookline_Village%2CCentral_Square%2CChinatown%2CDowntown%2CEast_Arlington%2CEast_Cambridge%2CFenway%2CJamaica_Plain%2CKendall_Square%2FMIT%2CMission_Hill%2CNorth_Cambridge%2CSouth_End%2CWest_End%5D","Jamaica Plain","55 South St","Jamaica Plain, MA 02130","(617) 524-9200"
"https://www.yelp.com/search?cflt=vegan%2Cvegetarian&find_desc=vegan&l=p%3AMA%3ABoston%3A%3A%5BAllston%2FBrighton%2CArlington_Center%2CArlington_Heights%2CBack_Bay%2CBeacon_Hill%2CBrookline_Village%2CCentral_Square%2CChinatown%2CDowntown%2CEast_Arlington%2CEast_Cambridge%2CFenway%2CJamaica_Plain%2CKendall_Square%2FMIT%2CMission_Hill%2CNorth_Cambridge%2CSouth_End%2CWest_End%5D&start=10","16.","sweetgreen","https://www.yelp.com/biz/sweetgreen-boston?osq=vegan","476 reviews","$$","Salad, Vegetarian","Salad; Vegetarian","https://www.yelp.com/search?cflt=salad&find_desc=vegan&l=p%3AMA%3ABoston%3A%3A%5BAllston%2FBrighton%2CArlington_Center%2CArlington_Heights%2CBack_Bay%2CBeacon_Hill%2CBrookline_Village%2CCentral_Square%2CChinatown%2CDowntown%2CEast_Arlington%2CEast_Cambridge%2CFenway%2CJamaica_Plain%2CKendall_Square%2FMIT%2CMission_Hill%2CNorth_Cambridge%2CSouth_End%2CWest_End%5D; https://www.yelp.com/search?cflt=vegetarian&find_desc=vegan&l=p%3AMA%3ABoston%3A%3A%5BAllston%2FBrighton%2CArlington_Center%2CArlington_Heights%2CBack_Bay%2CBeacon_Hill%2CBrookline_Village%2CCentral_Square%2CChinatown%2CDowntown%2CEast_Arlington%2CEast_Cambridge%2CFenway%2CJamaica_Plain%2CKendall_Square%2FMIT%2CMission_Hill%2CNorth_Cambridge%2CSouth_End%2CWest_End%5D","Back Bay","659 Boylston St","Boston, MA 02116","(617) 936-3464"
"https://www.yelp.com/search?cflt=vegan%2Cvegetarian&find_desc=vegan&l=p%3AMA%3ABoston%3A%3A%5BAllston%2FBrighton%2CArlington_Center%2CArlington_Heights%2CBack_Bay%2CBeacon_Hill%2CBrookline_Village%2CCentral_Square%2CChinatown%2CDowntown%2CEast_Arlington%2CEast_Cambridge%2CFenway%2CJamaica_Plain%2CKendall_Square%2FMIT%2CMission_Hill%2CNorth_Cambridge%2CSouth_End%2CWest_End%5D&start=10","17.","Le’s Vietnamese Resturant","https://www.yelp.com/biz/les-vietnamese-resturant-allston-2?osq=vegan","565 reviews","$","Vietnamese, Seafood, Vegan","Vietnamese; Seafood; Vegan","https://www.yelp.com/search?cflt=vietnamese&find_desc=vegan&l=p%3AMA%3ABoston%3A%3A%5BAllston%2FBrighton%2CArlington_Center%2CArlington_Heights%2CBack_Bay%2CBeacon_Hill%2CBrookline_Village%2CCentral_Square%2CChinatown%2CDowntown%2CEast_Arlington%2CEast_Cambridge%2CFenway%2CJamaica_Plain%2CKendall_Square%2FMIT%2CMission_Hill%2CNorth_Cambridge%2CSouth_End%2CWest_End%5D; https://www.yelp.com/search?cflt=seafood&find_desc=vegan&l=p%3AMA%3ABoston%3A%3A%5BAllston%2FBrighton%2CArlington_Center%2CArlington_Heights%2CBack_Bay%2CBeacon_Hill%2CBrookline_Village%2CCentral_Square%2CChinatown%2CDowntown%2CEast_Arlington%2CEast_Cambridge%2CFenway%2CJamaica_Plain%2CKendall_Square%2FMIT%2CMission_Hill%2CNorth_Cambridge%2CSouth_End%2CWest_End%5D; https://www.yelp.com/search?cflt=vegan&find_desc=vegan&l=p%3AMA%3ABoston%3A%3A%5BAllston%2FBrighton%2CArlington_Center%2CArlington_Heights%2CBack_Bay%2CBeacon_Hill%2CBrookline_Village%2CCentral_Square%2CChinatown%2CDowntown%2CEast_Arlington%2CEast_Cambridge%2CFenway%2CJamaica_Plain%2CKendall_Square%2FMIT%2CMission_Hill%2CNorth_Cambridge%2CSouth_End%2CWest_End%5D","Allston/Brighton","137 Brighton Ave","Allston, MA 02134","(617) 783-2340"
"https://www.yelp.com/search?cflt=vegan%2Cvegetarian&find_desc=vegan&l=p%3AMA%3ABoston%3A%3A%5BAllston%2FBrighton%2CArlington_Center%2CArlington_Heights%2CBack_Bay%2CBeacon_Hill%2CBrookline_Village%2CCentral_Square%2CChinatown%2CDowntown%2CEast_Arlington%2CEast_Cambridge%2CFenway%2CJamaica_Plain%2CKendall_Square%2FMIT%2CMission_Hill%2CNorth_Cambridge%2CSouth_End%2CWest_End%5D&start=10","18.","Clover Food Lab - DTX","https://www.yelp.com/biz/clover-food-lab-dtx-boston?osq=vegan","124 reviews","$","Coffee & Tea, Sandwiches, Vegetarian","Coffee & Tea; Sandwiches; Vegetarian","https://www.yelp.com/search?cflt=coffee&find_desc=vegan&l=p%3AMA%3ABoston%3A%3A%5BAllston%2FBrighton%2CArlington_Center%2CArlington_Heights%2CBack_Bay%2CBeacon_Hill%2CBrookline_Village%2CCentral_Square%2CChinatown%2CDowntown%2CEast_Arlington%2CEast_Cambridge%2CFenway%2CJamaica_Plain%2CKendall_Square%2FMIT%2CMission_Hill%2CNorth_Cambridge%2CSouth_End%2CWest_End%5D; https://www.yelp.com/search?cflt=sandwiches&find_desc=vegan&l=p%3AMA%3ABoston%3A%3A%5BAllston%2FBrighton%2CArlington_Center%2CArlington_Heights%2CBack_Bay%2CBeacon_Hill%2CBrookline_Village%2CCentral_Square%2CChinatown%2CDowntown%2CEast_Arlington%2CEast_Cambridge%2CFenway%2CJamaica_Plain%2CKendall_Square%2FMIT%2CMission_Hill%2CNorth_Cambridge%2CSouth_End%2CWest_End%5D; https://www.yelp.com/search?cflt=vegetarian&find_desc=vegan&l=p%3AMA%3ABoston%3A%3A%5BAllston%2FBrighton%2CArlington_Center%2CArlington_Heights%2CBack_Bay%2CBeacon_Hill%2CBrookline_Village%2CCentral_Square%2CChinatown%2CDowntown%2CEast_Arlington%2CEast_Cambridge%2CFenway%2CJamaica_Plain%2CKendall_Square%2FMIT%2CMission_Hill%2CNorth_Cambridge%2CSouth_End%2CWest_End%5D","Downtown","27 School St","Boston, MA 02108","(617) 555-5555"
"https://www.yelp.com/search?cflt=vegan%2Cvegetarian&find_desc=vegan&l=p%3AMA%3ABoston%3A%3A%5BAllston%2FBrighton%2CArlington_Center%2CArlington_Heights%2CBack_Bay%2CBeacon_Hill%2CBrookline_Village%2CCentral_Square%2CChinatown%2CDowntown%2CEast_Arlington%2CEast_Cambridge%2CFenway%2CJamaica_Plain%2CKendall_Square%2FMIT%2CMission_Hill%2CNorth_Cambridge%2CSouth_End%2CWest_End%5D&start=10","19.","Cafe Barada","https://www.yelp.com/biz/cafe-barada-cambridge?osq=vegan","196 reviews","$$","Caterers, Middle Eastern, Vegetarian","Caterers; Middle Eastern; Vegetarian","https://www.yelp.com/search?cflt=catering&find_desc=vegan&l=p%3AMA%3ABoston%3A%3A%5BAllston%2FBrighton%2CArlington_Center%2CArlington_Heights%2CBack_Bay%2CBeacon_Hill%2CBrookline_Village%2CCentral_Square%2CChinatown%2CDowntown%2CEast_Arlington%2CEast_Cambridge%2CFenway%2CJamaica_Plain%2CKendall_Square%2FMIT%2CMission_Hill%2CNorth_Cambridge%2CSouth_End%2CWest_End%5D; https://www.yelp.com/search?cflt=mideastern&find_desc=vegan&l=p%3AMA%3ABoston%3A%3A%5BAllston%2FBrighton%2CArlington_Center%2CArlington_Heights%2CBack_Bay%2CBeacon_Hill%2CBrookline_Village%2CCentral_Square%2CChinatown%2CDowntown%2CEast_Arlington%2CEast_Cambridge%2CFenway%2CJamaica_Plain%2CKendall_Square%2FMIT%2CMission_Hill%2CNorth_Cambridge%2CSouth_End%2CWest_End%5D; https://www.yelp.com/search?cflt=vegetarian&find_desc=vegan&l=p%3AMA%3ABoston%3A%3A%5BAllston%2FBrighton%2CArlington_Center%2CArlington_Heights%2CBack_Bay%2CBeacon_Hill%2CBrookline_Village%2CCentral_Square%2CChinatown%2CDowntown%2CEast_Arlington%2CEast_Cambridge%2CFenway%2CJamaica_Plain%2CKendall_Square%2FMIT%2CMission_Hill%2CNorth_Cambridge%2CSouth_End%2CWest_End%5D","North Cambridge","2269 Massachusetts Ave","Cambridge, MA 02140","(617) 354-4446"
"https://www.yelp.com/search?cflt=vegan%2Cvegetarian&find_desc=vegan&l=p%3AMA%3ABoston%3A%3A%5BAllston%2FBrighton%2CArlington_Center%2CArlington_Heights%2CBack_Bay%2CBeacon_Hill%2CBrookline_Village%2CCentral_Square%2CChinatown%2CDowntown%2CEast_Arlington%2CEast_Cambridge%2CFenway%2CJamaica_Plain%2CKendall_Square%2FMIT%2CMission_Hill%2CNorth_Cambridge%2CSouth_End%2CWest_End%5D&start=10","20.","Mexicali Burrito Co","https://www.yelp.com/biz/mexicali-burrito-co-cambridge-2?osq=vegan","120 reviews","$","Mexican, Vegan","Mexican; Vegan","https://www.yelp.com/search?cflt=mexican&find_desc=vegan&l=p%3AMA%3ABoston%3A%3A%5BAllston%2FBrighton%2CArlington_Center%2CArlington_Heights%2CBack_Bay%2CBeacon_Hill%2CBrookline_Village%2CCentral_Square%2CChinatown%2CDowntown%2CEast_Arlington%2CEast_Cambridge%2CFenway%2CJamaica_Plain%2CKendall_Square%2FMIT%2CMission_Hill%2CNorth_Cambridge%2CSouth_End%2CWest_End%5D; https://www.yelp.com/search?cflt=vegan&find_desc=vegan&l=p%3AMA%3ABoston%3A%3A%5BAllston%2FBrighton%2CArlington_Center%2CArlington_Heights%2CBack_Bay%2CBeacon_Hill%2CBrookline_Village%2CCentral_Square%2CChinatown%2CDowntown%2CEast_Arlington%2CEast_Cambridge%2CFenway%2CJamaica_Plain%2CKendall_Square%2FMIT%2CMission_Hill%2CNorth_Cambridge%2CSouth_End%2CWest_End%5D","Kendall Square/MIT","500 Technology Sq","Cambridge, MA 02139","(617) 225-2777"
"https://www.yelp.com/search?cflt=vegan%2Cvegetarian&find_desc=vegan&l=p%3AMA%3ABoston%3A%3A%5BAllston%2FBrighton%2CArlington_Center%2CArlington_Heights%2CBack_Bay%2CBeacon_Hill%2CBrookline_Village%2CCentral_Square%2CChinatown%2CDowntown%2CEast_Arlington%2CEast_Cambridge%2CFenway%2CJamaica_Plain%2CKendall_Square%2FMIT%2CMission_Hill%2CNorth_Cambridge%2CSouth_End%2CWest_End%5D&start=10","Ad","Curry House","https://www.yelp.com/adredir?ad_business_id=Lz8FSSRB_r9X8RI2YEy97w&campaign_id=D2oOEDXs8szeCJlh1NwRgA&click_origin=search_results&placement=below_search&redirect_url=https%3A%2F%2Fwww.yelp.com%2Fbiz%2Fcurry-house-brookline&request_id=16689a3625e4e2c2&signature=521bc54c74b6506b818d11bc2c896dee6f1ab64b998b4abb192f678bba7f850e&slot=0","174 reviews","$$","Halal, Indian, Vegetarian","Halal; Indian; Vegetarian","https://www.yelp.com/search?cflt=halal&find_desc=vegan&l=p%3AMA%3ABoston%3A%3A%5BAllston%2FBrighton%2CArlington_Center%2CArlington_Heights%2CBack_Bay%2CBeacon_Hill%2CBrookline_Village%2CCentral_Square%2CChinatown%2CDowntown%2CEast_Arlington%2CEast_Cambridge%2CFenway%2CJamaica_Plain%2CKendall_Square%2FMIT%2CMission_Hill%2CNorth_Cambridge%2CSouth_End%2CWest_End%5D; https://www.yelp.com/search?cflt=indpak&find_desc=vegan&l=p%3AMA%3ABoston%3A%3A%5BAllston%2FBrighton%2CArlington_Center%2CArlington_Heights%2CBack_Bay%2CBeacon_Hill%2CBrookline_Village%2CCentral_Square%2CChinatown%2CDowntown%2CEast_Arlington%2CEast_Cambridge%2CFenway%2CJamaica_Plain%2CKendall_Square%2FMIT%2CMission_Hill%2CNorth_Cambridge%2CSouth_End%2CWest_End%5D; https://www.yelp.com/search?cflt=vegetarian&find_desc=vegan&l=p%3AMA%3ABoston%3A%3A%5BAllston%2FBrighton%2CArlington_Center%2CArlington_Heights%2CBack_Bay%2CBeacon_Hill%2CBrookline_Village%2CCentral_Square%2CChinatown%2CDowntown%2CEast_Arlington%2CEast_Cambridge%2CFenway%2CJamaica_Plain%2CKendall_Square%2FMIT%2CMission_Hill%2CNorth_Cambridge%2CSouth_End%2CWest_End%5D","Coolidge Corner","1335 Beacon St","Brookline, MA 02446","(617) 734-3971"
"https://www.yelp.com/search?cflt=vegan%2Cvegetarian&find_desc=vegan&l=p%3AMA%3ABoston%3A%3A%5BAllston%2FBrighton%2CArlington_Center%2CArlington_Heights%2CBack_Bay%2CBeacon_Hill%2CBrookline_Village%2CCentral_Square%2CChinatown%2CDowntown%2CEast_Arlington%2CEast_Cambridge%2CFenway%2CJamaica_Plain%2CKendall_Square%2FMIT%2CMission_Hill%2CNorth_Cambridge%2CSouth_End%2CWest_End%5D&start=11","Ad","Curry House","https://www.yelp.com/adredir?ad_business_id=Lz8FSSRB_r9X8RI2YEy97w&campaign_id=D2oOEDXs8szeCJlh1NwRgA&click_origin=search_results&placement=above_search&redirect_url=https%3A%2F%2Fwww.yelp.com%2Fbiz%2Fcurry-house-brookline&request_id=3726e2015eee693e&signature=49e7e963b42e727310dd7ecb4b5e5522d24d442c3493c1ffb8c38a2e5e2ca2f5&slot=0","174 reviews","$$","Indian, Vegetarian, Halal","Indian; Vegetarian; Halal","https://www.yelp.com/search?cflt=indpak&find_desc=vegan&l=p%3AMA%3ABoston%3A%3A%5BAllston%2FBrighton%2CArlington_Center%2CArlington_Heights%2CBack_Bay%2CBeacon_Hill%2CBrookline_Village%2CCentral_Square%2CChinatown%2CDowntown%2CEast_Arlington%2CEast_Cambridge%2CFenway%2CJamaica_Plain%2CKendall_Square%2FMIT%2CMission_Hill%2CNorth_Cambridge%2CSouth_End%2CWest_End%5D; https://www.yelp.com/search?cflt=vegetarian&find_desc=vegan&l=p%3AMA%3ABoston%3A%3A%5BAllston%2FBrighton%2CArlington_Center%2CArlington_Heights%2CBack_Bay%2CBeacon_Hill%2CBrookline_Village%2CCentral_Square%2CChinatown%2CDowntown%2CEast_Arlington%2CEast_Cambridge%2CFenway%2CJamaica_Plain%2CKendall_Square%2FMIT%2CMission_Hill%2CNorth_Cambridge%2CSouth_End%2CWest_End%5D; https://www.yelp.com/search?cflt=halal&find_desc=vegan&l=p%3AMA%3ABoston%3A%3A%5BAllston%2FBrighton%2CArlington_Center%2CArlington_Heights%2CBack_Bay%2CBeacon_Hill%2CBrookline_Village%2CCentral_Square%2CChinatown%2CDowntown%2CEast_Arlington%2CEast_Cambridge%2CFenway%2CJamaica_Plain%2CKendall_Square%2FMIT%2CMission_Hill%2CNorth_Cambridge%2CSouth_End%2CWest_End%5D","Coolidge Corner","1335 Beacon St","Brookline, MA 02446","(617) 734-3971"
"https://www.yelp.com/search?cflt=vegan%2Cvegetarian&find_desc=vegan&l=p%3AMA%3ABoston%3A%3A%5BAllston%2FBrighton%2CArlington_Center%2CArlington_Heights%2CBack_Bay%2CBeacon_Hill%2CBrookline_Village%2CCentral_Square%2CChinatown%2CDowntown%2CEast_Arlington%2CEast_Cambridge%2CFenway%2CJamaica_Plain%2CKendall_Square%2FMIT%2CMission_Hill%2CNorth_Cambridge%2CSouth_End%2CWest_End%5D&start=11","Ad","Veggie Crust","https://www.yelp.com/adredir?ad_business_id=xCwdTXySn_B-3PC2Jwm5OQ&campaign_id=6ZHuR1MG2RwLJEjbrivhNw&click_origin=search_results&placement=above_search&redirect_url=https%3A%2F%2Fwww.yelp.com%2Fbiz%2Fveggie-crust-somerville&request_id=3726e2015eee693e&signature=3e0e7487d719e6da0c2da7a1ff4597acd64a75c4b16b06252ce44d5ab46a475e&slot=1","107 reviews","$$","Pizza, Vegetarian, Vegan","Pizza; Vegetarian; Vegan","https://www.yelp.com/search?cflt=pizza&find_desc=vegan&l=p%3AMA%3ABoston%3A%3A%5BAllston%2FBrighton%2CArlington_Center%2CArlington_Heights%2CBack_Bay%2CBeacon_Hill%2CBrookline_Village%2CCentral_Square%2CChinatown%2CDowntown%2CEast_Arlington%2CEast_Cambridge%2CFenway%2CJamaica_Plain%2CKendall_Square%2FMIT%2CMission_Hill%2CNorth_Cambridge%2CSouth_End%2CWest_End%5D; https://www.yelp.com/search?cflt=vegetarian&find_desc=vegan&l=p%3AMA%3ABoston%3A%3A%5BAllston%2FBrighton%2CArlington_Center%2CArlington_Heights%2CBack_Bay%2CBeacon_Hill%2CBrookline_Village%2CCentral_Square%2CChinatown%2CDowntown%2CEast_Arlington%2CEast_Cambridge%2CFenway%2CJamaica_Plain%2CKendall_Square%2FMIT%2CMission_Hill%2CNorth_Cambridge%2CSouth_End%2CWest_End%5D; https://www.yelp.com/search?cflt=vegan&find_desc=vegan&l=p%3AMA%3ABoston%3A%3A%5BAllston%2FBrighton%2CArlington_Center%2CArlington_Heights%2CBack_Bay%2CBeacon_Hill%2CBrookline_Village%2CCentral_Square%2CChinatown%2CDowntown%2CEast_Arlington%2CEast_Cambridge%2CFenway%2CJamaica_Plain%2CKendall_Square%2FMIT%2CMission_Hill%2CNorth_Cambridge%2CSouth_End%2CWest_End%5D","","445 Somerville Ave","Somerville, MA 02143","(617) 764-4605"
"https://www.yelp.com/search?cflt=vegan%2Cvegetarian&find_desc=vegan&l=p%3AMA%3ABoston%3A%3A%5BAllston%2FBrighton%2CArlington_Center%2CArlington_Heights%2CBack_Bay%2CBeacon_Hill%2CBrookline_Village%2CCentral_Square%2CChinatown%2CDowntown%2CEast_Arlington%2CEast_Cambridge%2CFenway%2CJamaica_Plain%2CKendall_Square%2FMIT%2CMission_Hill%2CNorth_Cambridge%2CSouth_End%2CWest_End%5D&start=11","12.","Grasshopper Restaurant","https://www.yelp.com/biz/grasshopper-restaurant-allston?osq=vegan","508 reviews","$$","Chinese, Vegetarian, Vegan","Chinese; Vegetarian; Vegan","https://www.yelp.com/search?cflt=chinese&find_desc=vegan&l=p%3AMA%3ABoston%3A%3A%5BAllston%2FBrighton%2CArlington_Center%2CArlington_Heights%2CBack_Bay%2CBeacon_Hill%2CBrookline_Village%2CCentral_Square%2CChinatown%2CDowntown%2CEast_Arlington%2CEast_Cambridge%2CFenway%2CJamaica_Plain%2CKendall_Square%2FMIT%2CMission_Hill%2CNorth_Cambridge%2CSouth_End%2CWest_End%5D; https://www.yelp.com/search?cflt=vegetarian&find_desc=vegan&l=p%3AMA%3ABoston%3A%3A%5BAllston%2FBrighton%2CArlington_Center%2CArlington_Heights%2CBack_Bay%2CBeacon_Hill%2CBrookline_Village%2CCentral_Square%2CChinatown%2CDowntown%2CEast_Arlington%2CEast_Cambridge%2CFenway%2CJamaica_Plain%2CKendall_Square%2FMIT%2CMission_Hill%2CNorth_Cambridge%2CSouth_End%2CWest_End%5D; https://www.yelp.com/search?cflt=vegan&find_desc=vegan&l=p%3AMA%3ABoston%3A%3A%5BAllston%2FBrighton%2CArlington_Center%2CArlington_Heights%2CBack_Bay%2CBeacon_Hill%2CBrookline_Village%2CCentral_Square%2CChinatown%2CDowntown%2CEast_Arlington%2CEast_Cambridge%2CFenway%2CJamaica_Plain%2CKendall_Square%2FMIT%2CMission_Hill%2CNorth_Cambridge%2CSouth_End%2CWest_End%5D","Allston/Brighton","1 N Beacon St","Allston, MA 02134","(617) 254-8883"
"https://www.yelp.com/search?cflt=vegan%2Cvegetarian&find_desc=vegan&l=p%3AMA%3ABoston%3A%3A%5BAllston%2FBrighton%2CArlington_Center%2CArlington_Heights%2CBack_Bay%2CBeacon_Hill%2CBrookline_Village%2CCentral_Square%2CChinatown%2CDowntown%2CEast_Arlington%2CEast_Cambridge%2CFenway%2CJamaica_Plain%2CKendall_Square%2FMIT%2CMission_Hill%2CNorth_Cambridge%2CSouth_End%2CWest_End%5D&start=11","13.","Clover Food Lab - DTX","https://www.yelp.com/biz/clover-food-lab-dtx-boston?osq=vegan","124 reviews","$","Coffee & Tea, Sandwiches, Vegetarian","Coffee & Tea; Sandwiches; Vegetarian","https://www.yelp.com/search?cflt=coffee&find_desc=vegan&l=p%3AMA%3ABoston%3A%3A%5BAllston%2FBrighton%2CArlington_Center%2CArlington_Heights%2CBack_Bay%2CBeacon_Hill%2CBrookline_Village%2CCentral_Square%2CChinatown%2CDowntown%2CEast_Arlington%2CEast_Cambridge%2CFenway%2CJamaica_Plain%2CKendall_Square%2FMIT%2CMission_Hill%2CNorth_Cambridge%2CSouth_End%2CWest_End%5D; https://www.yelp.com/search?cflt=sandwiches&find_desc=vegan&l=p%3AMA%3ABoston%3A%3A%5BAllston%2FBrighton%2CArlington_Center%2CArlington_Heights%2CBack_Bay%2CBeacon_Hill%2CBrookline_Village%2CCentral_Square%2CChinatown%2CDowntown%2CEast_Arlington%2CEast_Cambridge%2CFenway%2CJamaica_Plain%2CKendall_Square%2FMIT%2CMission_Hill%2CNorth_Cambridge%2CSouth_End%2CWest_End%5D; https://www.yelp.com/search?cflt=vegetarian&find_desc=vegan&l=p%3AMA%3ABoston%3A%3A%5BAllston%2FBrighton%2CArlington_Center%2CArlington_Heights%2CBack_Bay%2CBeacon_Hill%2CBrookline_Village%2CCentral_Square%2CChinatown%2CDowntown%2CEast_Arlington%2CEast_Cambridge%2CFenway%2CJamaica_Plain%2CKendall_Square%2FMIT%2CMission_Hill%2CNorth_Cambridge%2CSouth_End%2CWest_End%5D","Downtown","27 School St","Boston, MA 02108","(617) 555-5555"
"https://www.yelp.com/search?cflt=vegan%2Cvegetarian&find_desc=vegan&l=p%3AMA%3ABoston%3A%3A%5BAllston%2FBrighton%2CArlington_Center%2CArlington_Heights%2CBack_Bay%2CBeacon_Hill%2CBrookline_Village%2CCentral_Square%2CChinatown%2CDowntown%2CEast_Arlington%2CEast_Cambridge%2CFenway%2CJamaica_Plain%2CKendall_Square%2FMIT%2CMission_Hill%2CNorth_Cambridge%2CSouth_End%2CWest_End%5D&start=11","14.","by CHLOE. Fenway","https://www.yelp.com/biz/by-chloe-fenway-boston?osq=vegan","85 reviews","$$","Vegan, Vegetarian, American (New)","Vegan; Vegetarian; American (New)","https://www.yelp.com/search?cflt=vegan&find_desc=vegan&l=p%3AMA%3ABoston%3A%3A%5BAllston%2FBrighton%2CArlington_Center%2CArlington_Heights%2CBack_Bay%2CBeacon_Hill%2CBrookline_Village%2CCentral_Square%2CChinatown%2CDowntown%2CEast_Arlington%2CEast_Cambridge%2CFenway%2CJamaica_Plain%2CKendall_Square%2FMIT%2CMission_Hill%2CNorth_Cambridge%2CSouth_End%2CWest_End%5D; https://www.yelp.com/search?cflt=vegetarian&find_desc=vegan&l=p%3AMA%3ABoston%3A%3A%5BAllston%2FBrighton%2CArlington_Center%2CArlington_Heights%2CBack_Bay%2CBeacon_Hill%2CBrookline_Village%2CCentral_Square%2CChinatown%2CDowntown%2CEast_Arlington%2CEast_Cambridge%2CFenway%2CJamaica_Plain%2CKendall_Square%2FMIT%2CMission_Hill%2CNorth_Cambridge%2CSouth_End%2CWest_End%5D; https://www.yelp.com/search?cflt=newamerican&find_desc=vegan&l=p%3AMA%3ABoston%3A%3A%5BAllston%2FBrighton%2CArlington_Center%2CArlington_Heights%2CBack_Bay%2CBeacon_Hill%2CBrookline_Village%2CCentral_Square%2CChinatown%2CDowntown%2CEast_Arlington%2CEast_Cambridge%2CFenway%2CJamaica_Plain%2CKendall_Square%2FMIT%2CMission_Hill%2CNorth_Cambridge%2CSouth_End%2CWest_End%5D","Fenway","100 Van Ness St","Boston, MA 02215",""
"https://www.yelp.com/search?cflt=vegan%2Cvegetarian&find_desc=vegan&l=p%3AMA%3ABoston%3A%3A%5BAllston%2FBrighton%2CArlington_Center%2CArlington_Heights%2CBack_Bay%2CBeacon_Hill%2CBrookline_Village%2CCentral_Square%2CChinatown%2CDowntown%2CEast_Arlington%2CEast_Cambridge%2CFenway%2CJamaica_Plain%2CKendall_Square%2FMIT%2CMission_Hill%2CNorth_Cambridge%2CSouth_End%2CWest_End%5D&start=11","15.","sweetgreen","https://www.yelp.com/biz/sweetgreen-boston?osq=vegan","476 reviews","$$","Salad, Vegetarian","Salad; Vegetarian","https://www.yelp.com/search?cflt=salad&find_desc=vegan&l=p%3AMA%3ABoston%3A%3A%5BAllston%2FBrighton%2CArlington_Center%2CArlington_Heights%2CBack_Bay%2CBeacon_Hill%2CBrookline_Village%2CCentral_Square%2CChinatown%2CDowntown%2CEast_Arlington%2CEast_Cambridge%2CFenway%2CJamaica_Plain%2CKendall_Square%2FMIT%2CMission_Hill%2CNorth_Cambridge%2CSouth_End%2CWest_End%5D; https://www.yelp.com/search?cflt=vegetarian&find_desc=vegan&l=p%3AMA%3ABoston%3A%3A%5BAllston%2FBrighton%2CArlington_Center%2CArlington_Heights%2CBack_Bay%2CBeacon_Hill%2CBrookline_Village%2CCentral_Square%2CChinatown%2CDowntown%2CEast_Arlington%2CEast_Cambridge%2CFenway%2CJamaica_Plain%2CKendall_Square%2FMIT%2CMission_Hill%2CNorth_Cambridge%2CSouth_End%2CWest_End%5D","Back Bay","659 Boylston St","Boston, MA 02116","(617) 936-3464"
"https://www.yelp.com/search?cflt=vegan%2Cvegetarian&find_desc=vegan&l=p%3AMA%3ABoston%3A%3A%5BAllston%2FBrighton%2CArlington_Center%2CArlington_Heights%2CBack_Bay%2CBeacon_Hill%2CBrookline_Village%2CCentral_Square%2CChinatown%2CDowntown%2CEast_Arlington%2CEast_Cambridge%2CFenway%2CJamaica_Plain%2CKendall_Square%2FMIT%2CMission_Hill%2CNorth_Cambridge%2CSouth_End%2CWest_End%5D&start=11","16.","Clover Food Lab - HFI","https://www.yelp.com/biz/clover-food-lab-hfi-cambridge?osq=vegan","111 reviews","$","Vegetarian, Coffee & Tea, Sandwiches","Vegetarian; Coffee & Tea; Sandwiches","https://www.yelp.com/search?cflt=vegetarian&find_desc=vegan&l=p%3AMA%3ABoston%3A%3A%5BAllston%2FBrighton%2CArlington_Center%2CArlington_Heights%2CBack_Bay%2CBeacon_Hill%2CBrookline_Village%2CCentral_Square%2CChinatown%2CDowntown%2CEast_Arlington%2CEast_Cambridge%2CFenway%2CJamaica_Plain%2CKendall_Square%2FMIT%2CMission_Hill%2CNorth_Cambridge%2CSouth_End%2CWest_End%5D; https://www.yelp.com/search?cflt=coffee&find_desc=vegan&l=p%3AMA%3ABoston%3A%3A%5BAllston%2FBrighton%2CArlington_Center%2CArlington_Heights%2CBack_Bay%2CBeacon_Hill%2CBrookline_Village%2CCentral_Square%2CChinatown%2CDowntown%2CEast_Arlington%2CEast_Cambridge%2CFenway%2CJamaica_Plain%2CKendall_Square%2FMIT%2CMission_Hill%2CNorth_Cambridge%2CSouth_End%2CWest_End%5D; https://www.yelp.com/search?cflt=sandwiches&find_desc=vegan&l=p%3AMA%3ABoston%3A%3A%5BAllston%2FBrighton%2CArlington_Center%2CArlington_Heights%2CBack_Bay%2CBeacon_Hill%2CBrookline_Village%2CCentral_Square%2CChinatown%2CDowntown%2CEast_Arlington%2CEast_Cambridge%2CFenway%2CJamaica_Plain%2CKendall_Square%2FMIT%2CMission_Hill%2CNorth_Cambridge%2CSouth_End%2CWest_End%5D","Central Square","496 Massachusetts Ave","Cambridge, MA 02139",""
"https://www.yelp.com/search?cflt=vegan%2Cvegetarian&find_desc=vegan&l=p%3AMA%3ABoston%3A%3A%5BAllston%2FBrighton%2CArlington_Center%2CArlington_Heights%2CBack_Bay%2CBeacon_Hill%2CBrookline_Village%2CCentral_Square%2CChinatown%2CDowntown%2CEast_Arlington%2CEast_Cambridge%2CFenway%2CJamaica_Plain%2CKendall_Square%2FMIT%2CMission_Hill%2CNorth_Cambridge%2CSouth_End%2CWest_End%5D&start=11","17.","Blue State Coffee","https://www.yelp.com/biz/blue-state-coffee-boston?osq=vegan","186 reviews","$","Coffee & Tea, Vegan, Sandwiches","Coffee & Tea; Vegan; Sandwiches","https://www.yelp.com/search?cflt=coffee&find_desc=vegan&l=p%3AMA%3ABoston%3A%3A%5BAllston%2FBrighton%2CArlington_Center%2CArlington_Heights%2CBack_Bay%2CBeacon_Hill%2CBrookline_Village%2CCentral_Square%2CChinatown%2CDowntown%2CEast_Arlington%2CEast_Cambridge%2CFenway%2CJamaica_Plain%2CKendall_Square%2FMIT%2CMission_Hill%2CNorth_Cambridge%2CSouth_End%2CWest_End%5D; https://www.yelp.com/search?cflt=vegan&find_desc=vegan&l=p%3AMA%3ABoston%3A%3A%5BAllston%2FBrighton%2CArlington_Center%2CArlington_Heights%2CBack_Bay%2CBeacon_Hill%2CBrookline_Village%2CCentral_Square%2CChinatown%2CDowntown%2CEast_Arlington%2CEast_Cambridge%2CFenway%2CJamaica_Plain%2CKendall_Square%2FMIT%2CMission_Hill%2CNorth_Cambridge%2CSouth_End%2CWest_End%5D; https://www.yelp.com/search?cflt=sandwiches&find_desc=vegan&l=p%3AMA%3ABoston%3A%3A%5BAllston%2FBrighton%2CArlington_Center%2CArlington_Heights%2CBack_Bay%2CBeacon_Hill%2CBrookline_Village%2CCentral_Square%2CChinatown%2CDowntown%2CEast_Arlington%2CEast_Cambridge%2CFenway%2CJamaica_Plain%2CKendall_Square%2FMIT%2CMission_Hill%2CNorth_Cambridge%2CSouth_End%2CWest_End%5D","Allston/Brighton","957 Commonwealth Ave","Boston, MA 02215","(617) 254-0929"
"https://www.yelp.com/search?cflt=vegan%2Cvegetarian&find_desc=vegan&l=p%3AMA%3ABoston%3A%3A%5BAllston%2FBrighton%2CArlington_Center%2CArlington_Heights%2CBack_Bay%2CBeacon_Hill%2CBrookline_Village%2CCentral_Square%2CChinatown%2CDowntown%2CEast_Arlington%2CEast_Cambridge%2CFenway%2CJamaica_Plain%2CKendall_Square%2FMIT%2CMission_Hill%2CNorth_Cambridge%2CSouth_End%2CWest_End%5D&start=11","18.","Clover Food Lab - BLV","https://www.yelp.com/biz/clover-food-lab-blv-brookline-2?osq=vegan","90 reviews","$","Sandwiches, Coffee & Tea, Vegetarian","Sandwiches; Coffee & Tea; Vegetarian","https://www.yelp.com/search?cflt=sandwiches&find_desc=vegan&l=p%3AMA%3ABoston%3A%3A%5BAllston%2FBrighton%2CArlington_Center%2CArlington_Heights%2CBack_Bay%2CBeacon_Hill%2CBrookline_Village%2CCentral_Square%2CChinatown%2CDowntown%2CEast_Arlington%2CEast_Cambridge%2CFenway%2CJamaica_Plain%2CKendall_Square%2FMIT%2CMission_Hill%2CNorth_Cambridge%2CSouth_End%2CWest_End%5D; https://www.yelp.com/search?cflt=coffee&find_desc=vegan&l=p%3AMA%3ABoston%3A%3A%5BAllston%2FBrighton%2CArlington_Center%2CArlington_Heights%2CBack_Bay%2CBeacon_Hill%2CBrookline_Village%2CCentral_Square%2CChinatown%2CDowntown%2CEast_Arlington%2CEast_Cambridge%2CFenway%2CJamaica_Plain%2CKendall_Square%2FMIT%2CMission_Hill%2CNorth_Cambridge%2CSouth_End%2CWest_End%5D; https://www.yelp.com/search?cflt=vegetarian&find_desc=vegan&l=p%3AMA%3ABoston%3A%3A%5BAllston%2FBrighton%2CArlington_Center%2CArlington_Heights%2CBack_Bay%2CBeacon_Hill%2CBrookline_Village%2CCentral_Square%2CChinatown%2CDowntown%2CEast_Arlington%2CEast_Cambridge%2CFenway%2CJamaica_Plain%2CKendall_Square%2FMIT%2CMission_Hill%2CNorth_Cambridge%2CSouth_End%2CWest_End%5D","Brookline Village","6 Harvard St","Brookline, MA 02445",""
"https://www.yelp.com/search?cflt=vegan%2Cvegetarian&find_desc=vegan&l=p%3AMA%3ABoston%3A%3A%5BAllston%2FBrighton%2CArlington_Center%2CArlington_Heights%2CBack_Bay%2CBeacon_Hill%2CBrookline_Village%2CCentral_Square%2CChinatown%2CDowntown%2CEast_Arlington%2CEast_Cambridge%2CFenway%2CJamaica_Plain%2CKendall_Square%2FMIT%2CMission_Hill%2CNorth_Cambridge%2CSouth_End%2CWest_End%5D&start=11","19.","Yard House","https://www.yelp.com/biz/yard-house-boston-fenway?osq=vegan","623 reviews","$$","Bars, American (New), Vegetarian","Bars; American (New); Vegetarian","https://www.yelp.com/search?cflt=bars&find_desc=vegan&l=p%3AMA%3ABoston%3A%3A%5BAllston%2FBrighton%2CArlington_Center%2CArlington_Heights%2CBack_Bay%2CBeacon_Hill%2CBrookline_Village%2CCentral_Square%2CChinatown%2CDowntown%2CEast_Arlington%2CEast_Cambridge%2CFenway%2CJamaica_Plain%2CKendall_Square%2FMIT%2CMission_Hill%2CNorth_Cambridge%2CSouth_End%2CWest_End%5D; https://www.yelp.com/search?cflt=newamerican&find_desc=vegan&l=p%3AMA%3ABoston%3A%3A%5BAllston%2FBrighton%2CArlington_Center%2CArlington_Heights%2CBack_Bay%2CBeacon_Hill%2CBrookline_Village%2CCentral_Square%2CChinatown%2CDowntown%2CEast_Arlington%2CEast_Cambridge%2CFenway%2CJamaica_Plain%2CKendall_Square%2FMIT%2CMission_Hill%2CNorth_Cambridge%2CSouth_End%2CWest_End%5D; https://www.yelp.com/search?cflt=vegetarian&find_desc=vegan&l=p%3AMA%3ABoston%3A%3A%5BAllston%2FBrighton%2CArlington_Center%2CArlington_Heights%2CBack_Bay%2CBeacon_Hill%2CBrookline_Village%2CCentral_Square%2CChinatown%2CDowntown%2CEast_Arlington%2CEast_Cambridge%2CFenway%2CJamaica_Plain%2CKendall_Square%2FMIT%2CMission_Hill%2CNorth_Cambridge%2CSouth_End%2CWest_End%5D","Fenway","126 Brookline Ave","Boston-Fenway, MA 02215","(617) 236-4083"
"https://www.yelp.com/search?cflt=vegan%2Cvegetarian&find_desc=vegan&l=p%3AMA%3ABoston%3A%3A%5BAllston%2FBrighton%2CArlington_Center%2CArlington_Heights%2CBack_Bay%2CBeacon_Hill%2CBrookline_Village%2CCentral_Square%2CChinatown%2CDowntown%2CEast_Arlington%2CEast_Cambridge%2CFenway%2CJamaica_Plain%2CKendall_Square%2FMIT%2CMission_Hill%2CNorth_Cambridge%2CSouth_End%2CWest_End%5D&start=11","20.","Mexicali Burrito Co","https://www.yelp.com/biz/mexicali-burrito-co-cambridge-2?osq=vegan","120 reviews","$","Mexican, Vegan","Mexican; Vegan","https://www.yelp.com/search?cflt=mexican&find_desc=vegan&l=p%3AMA%3ABoston%3A%3A%5BAllston%2FBrighton%2CArlington_Center%2CArlington_Heights%2CBack_Bay%2CBeacon_Hill%2CBrookline_Village%2CCentral_Square%2CChinatown%2CDowntown%2CEast_Arlington%2CEast_Cambridge%2CFenway%2CJamaica_Plain%2CKendall_Square%2FMIT%2CMission_Hill%2CNorth_Cambridge%2CSouth_End%2CWest_End%5D; https://www.yelp.com/search?cflt=vegan&find_desc=vegan&l=p%3AMA%3ABoston%3A%3A%5BAllston%2FBrighton%2CArlington_Center%2CArlington_Heights%2CBack_Bay%2CBeacon_Hill%2CBrookline_Village%2CCentral_Square%2CChinatown%2CDowntown%2CEast_Arlington%2CEast_Cambridge%2CFenway%2CJamaica_Plain%2CKendall_Square%2FMIT%2CMission_Hill%2CNorth_Cambridge%2CSouth_End%2CWest_End%5D","Kendall Square/MIT","500 Technology Sq","Cambridge, MA 02139","(617) 225-2777"
"https://www.yelp.com/search?cflt=vegan%2Cvegetarian&find_desc=vegan&l=p%3AMA%3ABoston%3A%3A%5BAllston%2FBrighton%2CArlington_Center%2CArlington_Heights%2CBack_Bay%2CBeacon_Hill%2CBrookline_Village%2CCentral_Square%2CChinatown%2CDowntown%2CEast_Arlington%2CEast_Cambridge%2CFenway%2CJamaica_Plain%2CKendall_Square%2FMIT%2CMission_Hill%2CNorth_Cambridge%2CSouth_End%2CWest_End%5D&start=11","21.","Thirst Juice Co","https://www.yelp.com/biz/thirst-juice-co-boston?osq=vegan","61 reviews","$","Vegetarian, Juice Bars & Smoothies","Vegetarian; Juice Bars & Smoothies","https://www.yelp.com/search?cflt=vegetarian&find_desc=vegan&l=p%3AMA%3ABoston%3A%3A%5BAllston%2FBrighton%2CArlington_Center%2CArlington_Heights%2CBack_Bay%2CBeacon_Hill%2CBrookline_Village%2CCentral_Square%2CChinatown%2CDowntown%2CEast_Arlington%2CEast_Cambridge%2CFenway%2CJamaica_Plain%2CKendall_Square%2FMIT%2CMission_Hill%2CNorth_Cambridge%2CSouth_End%2CWest_End%5D; https://www.yelp.com/search?cflt=juicebars&find_desc=vegan&l=p%3AMA%3ABoston%3A%3A%5BAllston%2FBrighton%2CArlington_Center%2CArlington_Heights%2CBack_Bay%2CBeacon_Hill%2CBrookline_Village%2CCentral_Square%2CChinatown%2CDowntown%2CEast_Arlington%2CEast_Cambridge%2CFenway%2CJamaica_Plain%2CKendall_Square%2FMIT%2CMission_Hill%2CNorth_Cambridge%2CSouth_End%2CWest_End%5D","Downtown","44 School St","Boston, MA 02108","(857) 233-4535"
"https://www.yelp.com/search?cflt=vegan%2Cvegetarian&find_desc=vegan&l=p%3AMA%3ABoston%3A%3A%5BAllston%2FBrighton%2CArlington_Center%2CArlington_Heights%2CBack_Bay%2CBeacon_Hill%2CBrookline_Village%2CCentral_Square%2CChinatown%2CDowntown%2CEast_Arlington%2CEast_Cambridge%2CFenway%2CJamaica_Plain%2CKendall_Square%2FMIT%2CMission_Hill%2CNorth_Cambridge%2CSouth_End%2CWest_End%5D&start=11","Ad","Moozy’s Ice Cream & Yogurt Emporium","https://www.yelp.com/adredir?ad_business_id=ygQKjTzsYKmrUvsyCuU0mw&campaign_id=vCiSJQfZSuMG-C_AdFi_0A&click_origin=search_results&placement=below_search&redirect_url=https%3A%2F%2Fwww.yelp.com%2Fbiz%2Fmoozys-ice-cream-and-yogurt-emporium-belmont&request_id=3726e2015eee693e&signature=4efd3a299d97532425cf2b7c53910d3aec3740c8b67ee94bfb360b1d72b5cfe9&slot=0","77 reviews","$","Ice Cream & Frozen Yogurt, Salad, Sandwiches","Ice Cream & Frozen Yogurt; Salad; Sandwiches","https://www.yelp.com/search?cflt=icecream&find_desc=vegan&l=p%3AMA%3ABoston%3A%3A%5BAllston%2FBrighton%2CArlington_Center%2CArlington_Heights%2CBack_Bay%2CBeacon_Hill%2CBrookline_Village%2CCentral_Square%2CChinatown%2CDowntown%2CEast_Arlington%2CEast_Cambridge%2CFenway%2CJamaica_Plain%2CKendall_Square%2FMIT%2CMission_Hill%2CNorth_Cambridge%2CSouth_End%2CWest_End%5D; https://www.yelp.com/search?cflt=salad&find_desc=vegan&l=p%3AMA%3ABoston%3A%3A%5BAllston%2FBrighton%2CArlington_Center%2CArlington_Heights%2CBack_Bay%2CBeacon_Hill%2CBrookline_Village%2CCentral_Square%2CChinatown%2CDowntown%2CEast_Arlington%2CEast_Cambridge%2CFenway%2CJamaica_Plain%2CKendall_Square%2FMIT%2CMission_Hill%2CNorth_Cambridge%2CSouth_End%2CWest_End%5D; https://www.yelp.com/search?cflt=sandwiches&find_desc=vegan&l=p%3AMA%3ABoston%3A%3A%5BAllston%2FBrighton%2CArlington_Center%2CArlington_Heights%2CBack_Bay%2CBeacon_Hill%2CBrookline_Village%2CCentral_Square%2CChinatown%2CDowntown%2CEast_Arlington%2CEast_Cambridge%2CFenway%2CJamaica_Plain%2CKendall_Square%2FMIT%2CMission_Hill%2CNorth_Cambridge%2CSouth_End%2CWest_End%5D","","2 Trapelo Rd","Belmont, MA 02478","(617) 484-4445"
